"Spp","AA1","AA2","AA3","AA4","AA5","AA6","AA7","AA8","AA9","AA10"
"Adula_californiensis",0,64.05,0,16.849,0,0,0,0,0,0
"Balanus_glandula",32.961,28.146,15.879,38.886,30.633,25.978,23.892,24.9,31.184,19.455
"Chthamalus_dalli",19.902,17.818,11.231,20.881,20.4,11.989,10.576,15.661,20.051,0
"Littorina_sitkana",0,0,0,0,22.945,0,16.342,0,0,0
"Lottia_asmi",0,0,12.744,0,5.582,0,0,8.983,2.035,0
"Lottia_pelta",37.606,0,0,0,0,0,0,0,0,0
"Mytilus_californianus",0,0,0,0,0,0,0,0,12.003,0
"Mytilus_trossulus",48.62,52.331,15.234,45.773,24.89,25.352,19.902,40.062,22.465,0
"Nucella_ostrina",0,0,0,0,65.769,0,0,0,0,0
"Pollicipes_polymerus",0,6.571,0,0,0,0,0,0,0,0
"Semibalanus_cariosus",53.848,18.682,15.78,0,0,0,17.186,0,0,10.856
